{
    "Node Join": 0.5833333333333334,
    "Insert Keys": 1.9141252006420546,
    "Update Keys": 1.4166666666666667,
    "Look up Keys": 1.25,
    "Delete Keys": 1.1666666666666667
}