{
    "Node Join": 1.0,
    "Insert Keys": 1.9197431781701444,
    "Update Keys": 1.75,
    "Look up Keys": 1.6666666666666667,
    "Delete Keys": 1.3333333333333333
}