{
    "Node Join": 0.8461538461538461,
    "Insert Keys": 1.8579454253611556,
    "Update Keys": 1.5,
    "Lookup Keys": 1.4166666666666667,
    "Delete Keys": 1.6666666666666667
}